Ê±¼ä,H2,CH4,C2H6,C2H4,C2H2,CO,CO2,O2,N2,×ÜÌþ
2015-10-28 19:00:00,5.0,5.7,1.0,1.2,0.0,488.8,903.2,3736.4,0.0,7.9
2015-10-28 23:00:00,4.8,3.2,2.1,0.7,0.0,487.2,909.1,3719.2,0.0,6.0
2015-10-30 11:00:00,4.7,4.5,1.7,0.4,0.0,484.2,893.8,3724.0,0.0,6.6
2015-10-31 11:00:00,4.9,5.2,1.4,1.0,0.0,485.4,899.5,3750.1,0.0,7.6
2015-11-02 23:00:00,4.7,3.2,2.1,0.2,0.0,487.7,900.3,3726.0,0.0,5.5
2015-11-03 11:00:00,4.9,3.4,1.9,1.4,0.0,488.7,904.4,3720.4,0.0,6.7
2015-11-03 15:00:00,4.8,3.0,2.3,1.2,0.0,486.3,899.1,3730.5,0.0,6.5
2015-11-03 19:00:00,4.8,3.1,2.0,1.3,0.0,487.9,906.4,3723.6,0.0,6.4
2015-11-04 11:00:00,5.1,2.3,2.0,1.5,0.0,489.1,909.1,3709.4,0.0,5.8
2015-11-04 15:00:00,5.1,4.4,2.0,0.3,0.0,499.5,915.3,3714.6,0.0,6.7
2015-11-04 23:00:00,5.0,5.1,1.4,0.5,0.0,491.1,907.8,3703.7,0.0,7.0
2015-11-05 19:00:00,5.3,2.8,2.0,0.5,0.0,487.1,900.3,3693.8,0.0,5.3
2015-11-06 11:00:00,4.8,3.5,1.6,0.1,0.0,489.2,884.5,3705.7,0.0,5.2
2015-11-06 19:00:00,4.8,3.7,1.4,0.3,0.0,487.1,873.5,3680.8,0.0,5.4
2015-11-06 23:00:00,4.8,3.4,1.3,0.2,0.0,483.9,866.0,3703.0,0.0,4.9
2015-11-07 03:00:00,4.8,2.8,2.2,0.3,0.1,487.8,856.6,3699.9,0.0,5.4
2015-11-08 19:00:00,5.1,4.0,1.9,0.2,0.1,485.0,848.0,3674.6,0.0,6.2
2015-11-10 11:00:00,4.9,2.1,2.4,1.3,0.0,484.7,843.0,3661.4,0.0,5.8
2015-11-10 15:00:00,4.9,3.6,2.3,0.5,0.0,480.7,838.2,3692.5,0.0,6.4
2015-11-11 03:00:00,5.0,4.7,1.5,1.0,0.0,479.6,831.4,3680.2,0.0,7.2
2015-11-11 07:00:00,5.0,4.9,1.3,0.8,0.0,482.7,828.4,3678.3,0.0,7.0
2015-11-12 15:00:00,5.2,5.0,1.3,1.7,0.0,480.6,825.8,3663.9,0.0,8.0
2015-11-13 03:00:00,5.3,2.4,2.3,0.9,0.0,484.9,837.1,3664.8,0.0,5.6
2015-11-13 23:00:00,5.3,2.8,2.4,0.9,0.0,494.9,850.8,3664.0,0.0,6.1
2015-11-15 03:00:00,5.0,1.9,2.8,1.3,0.0,490.5,864.0,3653.0,0.0,6.0
2015-11-15 07:00:00,5.0,1.7,2.6,1.8,0.1,490.2,863.7,3668.7,0.0,6.2
2015-11-15 15:00:00,5.2,2.7,2.3,0.5,0.0,489.0,867.5,3654.4,0.0,5.5
2015-11-15 19:00:00,5.3,2.3,2.4,1.6,0.0,490.7,868.5,3644.7,0.0,6.3
2015-11-15 23:00:00,5.6,2.6,1.9,0.9,0.0,489.3,872.2,3665.8,0.0,5.4
2015-11-16 15:00:00,4.9,2.6,2.5,0.9,0.1,488.4,862.8,3645.2,0.0,6.1
2015-11-20 11:00:00,5.2,3.0,2.2,0.9,0.0,489.4,852.6,3649.3,0.0,6.1
2015-11-21 23:00:00,5.0,5.5,1.3,1.3,0.0,489.5,848.9,3664.9,0.0,8.1
2015-11-22 03:00:00,5.0,2.6,2.0,0.7,0.0,488.2,847.7,3656.1,0.0,5.3
2015-11-22 11:00:00,4.9,2.6,2.0,0.3,0.1,485.5,840.6,3685.7,0.0,5.0
2015-11-22 19:00:00,4.8,3.3,1.7,0.1,0.0,478.4,837.5,3657.0,0.0,5.1
2015-11-23 15:00:00,4.6,1.8,2.8,1.3,0.0,482.6,816.6,3652.0,0.0,5.9
2015-11-24 03:00:00,4.8,2.1,1.9,0.5,0.0,482.4,815.5,3644.5,0.0,4.5
2015-11-25 19:00:00,5.2,1.8,3.0,2.1,0.0,492.6,815.1,3623.1,0.0,6.9
2015-11-26 07:00:00,5.2,1.4,3.3,1.4,0.0,478.5,800.3,3613.6,0.0,6.1
2015-11-26 23:00:00,4.9,1.3,3.2,1.9,0.0,477.9,796.0,3609.8,0.0,6.4
2015-11-27 07:00:00,4.8,2.0,2.3,0.7,0.0,478.3,793.9,3621.6,0.0,5.0
2015-11-27 15:00:00,5.0,5.2,1.3,0.9,0.0,482.3,804.9,3635.9,0.0,7.4
2015-11-27 19:00:00,5.0,3.1,2.5,0.3,0.0,483.5,803.5,3634.1,0.0,5.9
2015-11-27 23:00:00,5.0,4.6,1.7,0.1,0.1,477.0,800.9,3623.4,0.0,6.5
2015-11-29 07:00:00,5.3,2.6,2.0,0.4,0.0,479.3,788.1,3605.3,0.0,5.0
2015-11-29 15:00:00,5.3,5.2,1.5,1.5,0.0,483.6,791.7,3614.0,0.0,8.2
2015-11-29 23:00:00,5.5,1.3,2.2,3.6,0.0,478.1,786.9,3614.9,0.0,7.1
2015-11-30 23:00:00,5.6,7.6,0.4,3.2,0.0,478.6,787.9,3599.5,0.0,11.2
2015-12-01 15:00:00,5.5,6.7,0.7,5.4,0.0,481.4,789.1,3582.6,0.0,12.8
2015-12-02 19:00:00,4.8,0.6,3.0,2.1,0.2,475.5,763.0,3590.9,0.0,5.9
2015-12-03 03:00:00,4.7,2.7,1.5,3.5,0.0,475.9,757.8,3610.2,0.0,7.7
2015-12-03 07:00:00,4.6,0.2,4.1,4.0,0.0,475.1,760.3,3594.5,0.0,8.3
2015-12-03 11:00:00,4.6,2.3,1.9,0.5,0.0,470.2,758.2,3613.3,0.0,4.7
2015-12-03 15:00:00,4.6,1.7,2.3,1.4,0.0,473.2,758.2,3609.0,0.0,5.4
2015-12-03 19:00:00,4.7,2.3,1.9,1.0,0.1,472.3,772.8,3585.8,0.0,5.3
2015-12-03 23:00:00,4.6,2.6,1.7,0.3,0.0,473.9,761.1,3607.0,0.0,4.6
2015-12-04 07:00:00,4.6,5.1,0.9,4.7,0.0,473.5,751.6,3590.0,0.0,10.7
2015-12-04 11:00:00,4.7,5.0,1.3,1.0,0.0,470.8,750.9,3597.7,0.0,7.3
2015-12-04 15:00:00,4.7,4.3,1.5,0.1,0.0,469.7,750.9,3585.9,0.0,5.9
2015-12-04 19:00:00,4.7,2.4,1.7,1.6,0.0,472.2,756.3,3608.8,0.0,5.7
2015-12-04 23:00:00,4.7,6.3,0.0,0.0,0.6,473.3,762.5,3596.1,0.0,6.9
2015-12-05 07:00:00,4.8,6.3,1.3,2.7,0.0,473.1,771.4,3602.9,0.0,10.3
2015-12-05 11:00:00,4.9,4.8,2.0,3.2,0.0,473.2,755.2,3600.6,0.0,10.0
2015-12-05 15:00:00,4.9,3.5,1.2,0.5,0.0,473.2,767.3,3583.9,0.0,5.2
2015-12-05 19:00:00,5.0,4.4,1.6,3.5,0.0,472.2,751.3,3604.4,0.0,9.5
2015-12-06 03:00:00,4.9,0.5,2.4,2.6,0.5,471.4,764.1,3584.9,0.0,6.0
2015-12-06 15:00:00,5.0,1.6,2.0,4.5,0.0,474.3,749.5,3608.6,0.0,8.1
2015-12-06 19:00:00,4.9,1.2,2.9,3.9,0.0,481.2,770.6,3576.1,0.0,8.0
2015-12-06 23:00:00,4.9,1.0,2.3,2.6,0.0,472.4,753.2,3592.3,0.0,5.9
2015-12-07 07:00:00,5.0,2.6,2.0,0.1,0.0,474.0,760.5,3578.8,0.0,4.7
2015-12-07 11:00:00,5.1,3.9,1.5,2.4,0.4,475.2,757.1,3587.7,0.0,8.2
2015-12-07 15:00:00,5.4,5.6,0.9,4.0,0.3,475.8,760.2,3598.3,0.0,10.8
2015-12-07 19:00:00,5.5,6.8,0.9,3.5,0.0,475.4,762.9,3585.1,0.0,11.2
2015-12-07 23:00:00,5.4,3.2,1.3,1.5,0.0,475.6,763.1,3587.5,0.0,6.0
2015-12-08 15:00:00,5.2,2.9,2.0,2.9,0.0,477.8,762.8,3567.0,0.0,7.8
2015-12-08 19:00:00,5.2,3.0,1.9,1.7,0.0,477.6,763.5,3581.6,0.0,6.6
2015-12-08 23:00:00,5.3,4.7,0.8,0.8,0.1,477.7,767.3,3578.4,0.0,6.4
2015-12-10 03:00:00,5.5,0.2,3.6,5.3,0.0,480.4,783.1,3577.9,0.0,9.1
2015-12-10 11:00:00,5.6,6.4,1.2,2.7,0.0,480.0,777.4,3572.3,0.0,10.3
2015-12-11 19:00:00,4.9,2.7,2.2,3.5,0.0,479.7,775.1,3600.4,0.0,8.4
2015-12-13 23:00:00,5.1,4.6,1.0,0.8,0.0,480.3,777.9,3577.0,0.0,6.4
2015-12-14 23:00:00,4.7,2.7,2.0,0.5,0.0,478.1,773.2,3600.1,0.0,5.2
2015-12-15 23:00:00,4.7,1.9,2.1,0.9,0.0,471.3,759.9,3591.2,0.0,4.9
2015-12-16 07:00:00,4.6,4.7,0.9,1.0,0.0,466.4,749.7,3574.6,0.0,6.6
2015-12-17 15:00:00,4.8,2.5,1.7,0.5,0.0,467.2,740.2,3561.1,0.0,4.7
2015-12-17 19:00:00,4.9,1.5,2.6,0.9,0.0,468.1,746.8,3574.2,0.0,5.0
2015-12-20 11:00:00,5.3,4.5,0.6,1.0,0.2,474.3,752.8,3563.1,0.0,6.3
2015-12-22 15:00:00,4.9,4.6,0.9,0.6,0.0,471.2,756.7,3540.5,0.0,6.1
2015-12-23 15:00:00,5.0,2.6,1.4,0.9,0.1,475.8,751.5,3550.9,0.0,5.0
2015-12-24 07:00:00,5.7,2.2,1.5,0.1,0.0,475.3,766.7,3561.8,0.0,3.8
2015-12-24 19:00:00,5.1,5.3,0.7,0.5,0.0,478.0,760.2,3577.7,0.0,6.5
2015-12-24 23:00:00,5.0,4.2,1.3,0.1,0.0,474.9,757.5,3571.9,0.0,5.6
2015-12-25 15:00:00,4.8,0.8,2.7,3.5,0.0,475.5,749.7,3553.1,0.0,7.0
2015-12-26 07:00:00,4.9,1.9,1.9,2.6,0.0,474.6,754.2,3527.7,0.0,6.4
2015-12-26 23:00:00,5.2,3.0,0.9,0.6,0.1,478.1,771.7,3569.1,0.0,4.6
2015-12-28 11:00:00,5.0,4.6,0.7,0.1,0.0,470.8,734.1,3528.2,0.0,5.4
2015-12-28 15:00:00,5.2,3.0,1.5,1.3,0.0,470.7,733.1,3543.4,0.0,5.8
2015-12-29 03:00:00,5.1,2.5,1.5,1.1,0.0,471.8,733.0,3532.3,0.0,5.1
2015-12-29 15:00:00,5.2,3.0,1.5,0.2,0.0,473.9,734.5,3548.5,0.0,4.7
2015-12-29 23:00:00,5.1,3.0,1.6,0.2,0.0,473.8,736.9,3513.7,0.0,4.8
2015-12-30 03:00:00,4.9,2.3,1.9,0.8,0.0,470.2,731.5,3544.0,0.0,5.0
2015-12-31 11:00:00,4.9,1.4,2.2,0.9,0.0,472.6,725.4,3520.2,0.0,4.5
2016-01-01 15:00:00,5.3,3.9,0.9,0.3,0.0,476.2,732.3,3530.5,0.0,5.1
2016-01-02 03:00:00,5.3,2.7,1.4,1.9,0.0,477.3,743.5,3540.2,0.0,6.0
2016-01-02 07:00:00,5.2,2.3,1.8,2.0,0.0,477.6,745.4,3556.7,0.0,6.1
2016-01-04 03:00:00,5.7,5.1,0.9,0.9,0.0,486.4,772.0,3534.6,0.0,6.9
2016-01-04 23:00:00,5.1,2.6,1.8,0.1,0.0,476.3,739.5,3523.8,0.0,4.5
2016-01-05 23:00:00,5.1,1.7,2.2,2.1,0.0,481.4,735.1,3527.1,0.0,6.0
2016-01-06 07:00:00,5.0,3.0,1.4,0.6,0.0,473.4,732.6,3517.4,0.0,5.0
2016-01-06 11:00:00,5.1,2.8,1.6,0.9,0.0,471.6,730.9,3506.4,0.0,5.3
2016-01-08 15:00:00,5.2,2.7,1.5,1.2,0.0,474.6,731.2,3517.3,0.0,5.4
2016-01-08 19:00:00,5.8,2.0,1.9,1.8,0.0,472.9,735.7,3514.7,0.0,5.7
2016-01-08 23:00:00,5.1,2.7,1.5,1.3,0.0,469.1,728.2,3518.4,0.0,5.5
2016-01-12 15:00:00,4.9,2.2,1.8,0.3,0.0,468.3,706.2,3504.2,0.0,4.3
2016-01-12 19:00:00,5.0,2.0,1.8,0.7,0.0,469.6,705.8,3507.3,0.0,4.5
2016-01-13 03:00:00,5.0,3.9,1.4,1.3,0.0,468.5,708.8,3480.1,0.0,6.6
2016-01-13 15:00:00,4.9,2.6,1.6,0.2,0.0,468.8,702.9,3512.6,0.0,4.4
2016-01-13 19:00:00,5.0,4.5,1.0,0.7,0.0,468.6,707.1,3512.6,0.0,6.2
2016-01-13 23:00:00,5.0,2.4,1.8,1.0,0.0,466.9,707.3,3507.7,0.0,5.2
2016-01-14 07:00:00,4.9,1.9,1.7,2.3,0.0,466.8,705.6,3510.8,0.0,5.9
2016-01-14 11:00:00,4.9,1.8,2.2,0.8,0.0,467.5,700.6,3487.2,0.0,4.8
2016-01-15 19:00:00,5.0,2.8,1.1,0.8,0.0,470.1,717.9,3490.0,0.0,4.7
2016-01-18 07:00:00,4.9,2.1,1.0,0.8,0.0,467.0,706.5,3508.8,0.0,3.9
2016-01-18 11:00:00,5.0,2.2,0.6,0.6,0.0,469.7,707.2,3492.1,0.0,3.4
2016-01-18 15:00:00,4.8,2.7,1.5,0.1,0.0,468.2,701.5,3501.3,0.0,4.3
2016-01-18 23:00:00,4.9,2.1,1.8,0.4,0.0,467.7,704.4,3497.6,0.0,4.3
2016-01-19 19:00:00,5.1,2.5,1.5,0.5,0.0,465.6,702.4,3502.5,0.0,4.5
2016-01-20 15:00:00,5.1,2.0,1.5,0.7,0.0,467.4,703.6,3494.7,0.0,4.2
2016-01-20 19:00:00,5.0,2.1,1.5,0.3,0.0,466.1,704.7,3495.6,0.0,3.9
2016-01-21 03:00:00,5.1,2.8,1.1,0.1,0.0,464.9,706.8,3510.0,0.0,4.0
2016-01-22 03:00:00,5.5,3.8,0.2,0.4,0.0,465.8,712.5,3497.3,0.0,4.4
2016-01-22 07:00:00,5.4,3.9,0.0,0.0,0.0,464.3,706.4,3477.8,0.0,3.9
2016-01-22 11:00:00,5.3,2.4,0.5,1.6,0.1,462.3,702.8,3481.0,0.0,4.6
2016-01-22 15:00:00,5.2,4.3,0.4,0.1,0.0,471.0,705.3,3493.6,0.0,4.8
2016-01-22 19:00:00,4.9,2.7,1.0,0.4,0.0,464.6,696.0,3465.2,0.0,4.1
2016-01-23 07:00:00,5.0,2.2,0.7,0.4,0.0,462.9,691.5,3479.9,0.0,3.3
2016-01-24 15:00:00,4.9,2.8,0.3,0.7,0.0,457.4,670.4,3461.0,0.0,3.8
2016-01-24 19:00:00,4.9,3.8,0.0,0.0,0.0,458.5,671.7,3482.5,0.0,3.8
2016-01-25 07:00:00,5.0,2.6,0.6,0.2,0.0,458.2,664.9,3455.8,0.0,3.4
2016-01-28 03:00:00,5.1,4.6,0.0,0.0,0.0,463.6,693.8,3468.4,0.0,4.6
2016-01-28 15:00:00,5.5,2.7,0.7,0.4,0.0,465.8,694.5,3467.7,0.0,3.8
2016-01-30 03:00:00,5.1,4.6,0.0,0.0,0.0,462.0,690.3,3477.9,0.0,4.6
2016-01-30 11:00:00,5.0,2.6,0.1,0.8,0.0,464.0,683.2,3485.2,0.0,3.5
2016-01-30 15:00:00,4.9,2.5,0.9,0.7,0.0,462.5,689.8,3461.8,0.0,4.1
2016-01-31 03:00:00,5.0,3.5,0.7,0.1,0.0,464.7,683.8,3446.3,0.0,4.3
2016-01-31 15:00:00,5.2,4.0,0.0,0.0,0.0,467.6,681.1,3459.6,0.0,4.0
2016-01-31 19:00:00,5.4,4.1,0.0,0.0,0.0,463.8,687.7,3459.2,0.0,4.1
2016-01-31 23:00:00,5.3,4.8,0.1,0.9,0.0,464.3,683.6,3471.0,0.0,5.8
2016-02-01 07:00:00,5.3,4.3,0.1,0.2,0.0,463.5,687.2,3442.7,0.0,4.6
2016-02-02 11:00:00,5.1,4.2,0.6,0.6,0.0,463.2,682.6,3454.7,0.0,5.4
2016-02-03 19:00:00,5.1,4.6,0.6,0.2,0.1,468.6,693.4,3454.3,0.0,5.5
2016-02-04 03:00:00,5.0,2.9,0.9,0.5,0.0,464.3,695.2,3481.5,0.0,4.3
2016-02-04 07:00:00,5.1,2.6,1.1,0.6,0.0,469.2,695.5,3461.2,0.0,4.3
2016-02-04 15:00:00,5.4,3.0,0.6,0.6,0.0,480.9,707.0,3472.4,0.0,4.2
2016-02-04 23:00:00,5.1,4.0,0.7,0.1,0.0,468.5,700.9,3464.8,0.0,4.8
2016-02-06 07:00:00,5.0,4.5,0.3,2.0,0.0,465.7,690.2,3465.5,0.0,6.8
2016-02-07 23:00:00,5.0,2.5,0.9,2.0,0.0,466.1,684.5,3443.6,0.0,5.4
2016-02-08 11:00:00,5.0,3.2,1.0,0.6,0.0,466.2,683.2,3450.1,0.0,4.8
2016-02-08 23:00:00,5.1,3.1,0.3,0.1,0.0,470.7,694.8,3429.3,0.0,3.5
2016-02-09 11:00:00,5.3,2.2,1.3,0.1,0.0,469.8,695.1,3464.0,0.0,3.6
2016-02-09 19:00:00,5.4,4.4,0.5,0.5,0.0,469.9,694.5,3446.6,0.0,5.4
2016-02-09 23:00:00,5.3,2.6,1.3,0.2,0.0,471.5,693.3,3469.3,0.0,4.1
2016-02-10 07:00:00,5.3,4.8,0.0,0.0,0.0,472.9,692.7,3462.4,0.0,4.8
2016-02-10 15:00:00,5.3,4.8,0.3,0.4,0.0,474.6,694.0,3445.8,0.0,5.5
2016-02-10 23:00:00,5.4,2.4,1.2,1.0,0.0,474.6,690.8,3446.1,0.0,4.6
2016-02-11 15:00:00,5.6,4.5,0.6,0.1,0.0,476.4,696.0,3446.1,0.0,5.2
2016-02-13 15:00:00,4.8,5.4,0.9,2.2,0.0,477.4,699.0,3446.3,0.0,8.5
2016-02-14 03:00:00,4.8,1.8,2.4,2.1,0.4,481.2,701.8,3451.4,0.0,6.7
2016-02-14 15:00:00,4.8,1.7,2.6,0.8,0.0,477.4,702.2,3479.5,0.0,5.1
2016-02-15 03:00:00,4.8,1.8,2.7,1.5,0.0,477.4,699.9,3454.5,0.0,6.0
2016-02-15 11:00:00,4.8,2.2,2.5,0.7,0.0,477.3,707.3,3442.3,0.0,5.4
2016-02-15 15:00:00,4.8,2.4,2.1,1.1,0.1,476.7,697.7,3445.7,0.0,5.7
2016-02-16 03:00:00,4.9,1.2,2.8,2.4,0.0,478.5,713.5,3459.3,0.0,6.4
2016-02-16 23:00:00,5.0,2.5,1.8,0.3,0.1,477.6,714.2,3449.0,0.0,4.7
2016-02-17 03:00:00,5.0,1.8,1.9,1.4,0.2,479.5,720.5,3453.7,0.0,5.3
2016-02-17 07:00:00,5.0,1.7,2.2,1.2,0.0,476.7,713.6,3463.8,0.0,5.1
2016-02-17 15:00:00,5.0,5.3,1.4,1.9,0.0,478.2,713.5,3439.8,0.0,8.6
2016-02-18 03:00:00,5.1,5.6,1.1,3.2,0.2,478.9,725.6,3436.4,0.0,10.1
2016-02-18 07:00:00,5.1,2.5,1.6,1.3,0.0,481.9,723.8,3457.6,0.0,5.4
2016-02-18 11:00:00,5.1,2.7,1.7,1.1,0.0,479.8,727.5,3448.0,0.0,5.5
2016-02-18 15:00:00,5.2,1.9,2.1,0.4,0.2,479.7,722.5,3448.3,0.0,4.6
2016-02-19 03:00:00,5.2,5.5,0.2,0.1,0.1,481.5,727.4,3430.3,0.0,5.9
2016-02-19 07:00:00,5.0,3.2,1.6,2.2,0.0,480.0,731.8,3450.6,0.0,7.0
2016-02-19 19:00:00,5.0,2.4,1.8,2.2,0.0,478.7,727.2,3445.9,0.0,6.4
2016-02-20 03:00:00,5.0,1.3,2.1,6.5,0.0,475.1,727.9,3456.3,0.0,9.9
2016-02-20 07:00:00,5.0,2.0,1.9,1.1,0.0,479.6,730.1,3448.4,0.0,5.0
2016-02-20 15:00:00,5.0,5.5,0.5,0.1,0.0,478.4,716.2,3454.6,0.0,6.1
2016-02-20 19:00:00,5.0,3.1,1.6,0.3,0.3,477.1,721.9,3464.2,0.0,5.3
2016-02-20 23:00:00,5.1,4.5,0.9,1.0,0.0,478.6,727.3,3441.9,0.0,6.4
2016-02-21 03:00:00,5.0,1.6,2.4,2.3,0.0,479.8,726.7,3445.5,0.0,6.3
2016-02-21 15:00:00,5.1,1.4,1.9,0.8,0.0,481.0,723.0,3434.4,0.0,4.1
2016-02-22 07:00:00,5.1,2.8,2.3,1.6,0.0,483.1,732.3,3464.0,0.0,6.7
2016-02-22 15:00:00,5.1,5.2,1.0,2.6,0.0,481.3,730.3,3425.8,0.0,8.8
2016-02-23 11:00:00,5.0,2.3,1.8,1.7,0.0,480.3,718.6,3451.9,0.0,5.8
2016-02-24 03:00:00,5.3,5.1,0.7,0.1,0.0,480.3,734.2,3440.6,0.0,5.9
2016-02-24 07:00:00,5.0,5.2,0.5,1.8,0.1,480.0,729.5,3426.8,0.0,7.6
2016-02-26 07:00:00,5.6,4.1,0.6,0.3,0.0,484.1,745.1,3445.7,0.0,5.0
2016-02-27 07:00:00,5.4,3.0,1.9,2.8,0.1,484.5,748.1,3453.6,0.0,7.8
2016-02-27 11:00:00,5.3,2.5,1.4,2.5,0.0,482.6,749.5,3424.3,0.0,6.4
2016-02-27 15:00:00,5.3,1.9,2.0,1.3,0.0,481.5,741.5,3418.5,0.0,5.2
2016-02-28 15:00:00,5.0,2.9,1.3,0.1,0.0,483.9,737.3,3427.3,0.0,4.3
2016-02-29 03:00:00,5.2,5.7,0.7,2.7,0.0,485.0,741.6,3442.9,0.0,9.1
2016-02-29 07:00:00,4.9,2.4,1.7,0.8,0.0,478.4,732.2,3421.8,0.0,4.9
2016-03-01 07:00:00,5.1,2.1,1.9,3.5,0.0,485.3,749.2,3436.1,0.0,7.5
2016-03-01 11:00:00,5.2,2.2,2.1,0.8,0.0,486.6,748.7,3429.4,0.0,5.1
2016-03-01 15:00:00,5.2,1.8,2.3,1.6,0.1,488.0,753.7,3430.1,0.0,5.8
2016-03-01 19:00:00,5.1,2.3,1.6,4.0,0.0,489.2,754.5,3437.3,0.0,7.9
2016-03-02 07:00:00,5.3,1.6,2.7,0.2,0.0,491.4,766.4,3431.0,0.0,4.5
2016-03-03 03:00:00,5.3,3.0,2.1,0.2,0.0,496.3,786.8,3438.9,0.0,5.3
2016-03-03 11:00:00,5.2,3.4,2.1,1.8,0.0,498.6,794.6,3443.8,0.0,7.3
2016-03-04 07:00:00,5.2,5.4,1.5,0.7,0.2,520.7,830.1,3447.9,0.0,7.8
2016-03-04 11:00:00,5.2,4.0,2.0,0.7,0.1,505.1,828.0,3455.4,0.0,6.8
2016-03-04 15:00:00,5.2,3.0,2.7,1.7,0.0,507.6,831.7,3453.8,0.0,7.4
2016-03-05 07:00:00,5.5,2.8,2.3,1.4,0.0,506.3,844.8,3431.9,0.0,6.5
2016-03-05 11:00:00,5.2,2.9,2.1,0.1,0.0,505.1,835.6,3411.8,0.0,5.1
2016-03-05 15:00:00,5.3,2.4,2.4,1.1,0.0,515.4,838.5,3414.1,0.0,5.9
2016-03-06 03:00:00,5.1,3.4,1.8,0.3,0.0,498.4,835.4,3412.5,0.0,5.5
2016-03-14 07:00:00,5.1,2.6,2.1,1.2,0.0,498.7,823.0,3410.7,0.0,5.9
2016-03-14 11:00:00,5.1,3.0,1.8,0.4,0.0,500.5,818.4,3401.7,0.0,5.2
2016-03-14 23:00:00,5.2,3.0,2.0,0.2,0.0,503.0,824.1,3385.0,0.0,5.2
2016-03-15 03:00:00,5.1,2.5,1.8,1.2,0.0,503.9,829.7,3394.4,0.0,5.5
2016-03-15 11:00:00,5.2,3.1,1.7,1.0,0.1,499.9,828.2,3393.6,0.0,5.9
2016-03-16 07:00:00,5.4,3.7,1.0,3.4,0.2,520.8,841.7,3367.1,0.0,8.3
2016-03-17 15:00:00,5.4,4.0,2.1,0.3,0.0,511.6,864.4,3417.5,0.0,6.4
2016-03-17 20:00:00,5.6,6.3,1.9,1.0,0.2,512.1,881.9,3423.2,0.0,9.4
2016-03-18 19:00:00,5.3,3.0,2.7,0.2,0.3,517.9,892.1,3417.4,0.0,6.2
2016-03-18 23:00:00,5.2,3.3,2.2,0.3,0.0,518.4,891.2,3410.3,0.0,5.8
2016-03-19 15:00:00,5.3,2.8,2.4,1.8,0.0,520.8,895.2,3424.1,0.0,7.0
2016-03-19 19:00:00,5.7,4.3,1.8,0.7,0.0,518.3,903.5,3401.5,0.0,6.8
2016-03-20 03:00:00,5.3,3.1,2.5,1.2,0.1,514.1,902.4,3382.3,0.0,6.9
2016-03-20 07:00:00,5.1,2.2,2.8,2.5,0.0,515.4,896.5,3389.1,0.0,7.5
2016-03-20 11:00:00,5.1,2.6,2.6,0.3,0.3,518.4,895.6,3386.5,0.0,5.8
2016-03-21 19:00:00,5.1,7.9,0.6,4.4,0.3,517.3,889.3,3361.6,0.0,13.2
2016-03-23 19:00:00,5.1,8.3,0.7,3.1,0.0,515.2,895.5,3349.2,0.0,12.1
2016-03-24 11:00:00,5.0,2.9,2.7,0.4,0.1,512.7,884.5,3347.8,0.0,6.1
2016-03-24 15:00:00,5.0,2.0,2.9,1.4,0.0,508.5,875.5,3364.2,0.0,6.3
2016-03-25 07:00:00,5.1,5.5,1.7,1.8,0.0,515.8,885.5,3333.0,0.0,9.0
2016-03-26 03:00:00,5.0,3.1,2.3,0.8,0.0,516.9,889.4,3351.7,0.0,6.2
2016-03-26 07:00:00,5.1,3.9,2.2,1.0,0.0,516.4,892.0,3311.9,0.0,7.1
2016-03-27 07:00:00,5.2,5.2,1.4,0.6,0.3,516.6,887.3,3342.5,0.0,7.5
2016-03-27 15:00:00,5.0,2.8,2.5,0.2,0.0,514.0,880.1,3360.4,0.0,5.5
2016-03-27 19:00:00,5.1,3.1,2.5,0.5,0.0,516.8,898.6,3367.6,0.0,6.1
2016-03-30 15:00:00,5.1,5.0,2.2,0.5,0.0,524.0,933.1,3353.1,0.0,7.7
2016-03-30 19:00:00,5.2,6.5,1.8,1.0,0.2,529.1,942.2,3346.9,0.0,9.5
2016-03-30 23:00:00,5.2,3.8,2.6,2.2,0.0,531.0,950.8,3350.8,0.0,8.6
2016-03-31 07:00:00,5.2,4.2,2.5,0.8,0.0,530.8,954.6,3327.1,0.0,7.5
2016-03-31 11:00:00,5.1,4.1,2.6,0.4,0.0,532.2,953.6,3361.6,0.0,7.1
2016-04-01 03:00:00,5.2,4.1,2.5,0.4,0.4,533.6,969.0,3341.4,0.0,7.4
2016-04-01 07:00:00,5.2,8.4,0.8,2.9,0.1,533.1,958.4,3331.5,0.0,12.2
2016-04-01 11:00:00,5.2,4.4,2.3,2.1,0.1,532.6,961.6,3334.1,0.0,8.9
2016-04-01 15:00:00,5.2,4.7,2.5,1.7,0.1,533.3,961.8,3340.3,0.0,9.0
2016-04-01 19:00:00,5.2,5.2,2.3,0.2,0.2,542.8,971.4,3352.4,0.0,7.9
2016-04-02 03:00:00,5.1,6.4,1.6,0.4,0.2,535.4,968.6,3338.8,0.0,8.6
2016-04-02 07:00:00,5.4,5.0,1.9,0.9,0.2,533.3,965.9,3301.4,0.0,8.0
2016-04-02 15:00:00,5.0,3.4,2.7,0.7,0.0,532.5,954.3,3310.8,0.0,6.8
2016-04-02 19:00:00,4.9,2.4,2.8,3.1,0.0,530.2,947.1,3299.6,0.0,8.3
2016-04-02 23:00:00,4.9,3.5,2.2,1.4,0.0,530.2,947.7,3309.7,0.0,7.1
2016-04-03 03:00:00,5.0,4.1,2.1,0.5,0.0,528.1,946.0,3300.6,0.0,6.7
2016-04-03 11:00:00,4.9,5.1,1.6,1.6,0.2,529.2,938.1,3305.1,0.0,8.5
2016-04-03 15:00:00,4.9,2.9,2.3,1.1,0.0,529.0,936.7,3304.3,0.0,6.3
2016-04-03 19:00:00,5.0,2.2,2.1,4.4,0.0,528.9,937.5,3307.1,0.0,8.7
2016-04-04 03:00:00,4.9,2.7,2.1,3.5,0.4,530.0,937.4,3289.1,0.0,8.7
2016-04-04 07:00:00,5.0,3.2,2.2,0.9,0.0,525.8,941.9,3302.5,0.0,6.3
2016-04-04 11:00:00,5.0,2.9,2.5,1.7,0.1,523.2,936.0,3301.0,0.0,7.2
2016-04-04 15:00:00,5.0,3.0,2.8,1.4,0.0,527.9,935.2,3329.5,0.0,7.2
2016-04-04 19:00:00,5.0,4.1,2.2,0.6,0.0,530.0,946.1,3314.8,0.0,6.9
2016-04-06 15:00:00,5.2,4.2,2.3,1.7,0.0,535.4,952.5,3296.0,0.0,8.2
2016-04-07 15:00:00,5.2,3.1,2.9,0.3,0.0,531.6,943.6,3295.3,0.0,6.3
2016-04-07 19:00:00,5.3,3.3,2.6,1.6,0.0,534.2,952.6,3311.3,0.0,7.5
2016-04-08 07:00:00,5.3,3.3,2.5,0.2,0.0,533.3,963.9,3291.7,0.0,6.0
2016-04-08 11:00:00,5.3,3.5,2.7,1.0,0.1,532.0,952.3,3284.2,0.0,7.3
2016-04-09 11:00:00,5.3,4.7,2.3,0.6,0.0,537.0,969.8,3306.6,0.0,7.6
2016-04-09 15:00:00,5.1,1.3,2.7,0.5,0.2,535.2,971.3,3278.2,0.0,4.7
2016-04-09 19:00:00,5.3,3.9,2.2,0.7,0.0,537.0,975.3,3293.9,0.0,6.8
2016-04-10 11:00:00,5.1,4.6,1.6,0.4,0.0,537.4,972.9,3272.2,0.0,6.6
2016-04-11 19:00:00,5.2,3.9,2.5,1.1,0.0,535.8,963.5,3276.1,0.0,7.5
2016-04-12 07:00:00,5.2,7.6,1.5,0.8,0.3,536.2,968.2,3249.6,0.0,10.2
2016-04-13 15:00:00,4.9,1.7,3.2,3.3,0.1,538.5,972.0,3265.0,0.0,8.3
2016-04-13 19:00:00,5.0,5.4,2.4,3.8,0.0,537.9,977.6,3283.3,0.0,11.6
2016-04-13 23:00:00,5.1,5.6,2.3,1.5,0.0,541.5,992.9,3260.6,0.0,9.4
2016-04-15 11:00:00,5.3,2.3,3.4,3.5,0.0,539.3,997.7,3270.9,0.0,9.2
2016-04-15 15:00:00,5.1,4.7,3.0,1.0,0.3,537.5,999.4,3273.0,0.0,9.0
2016-04-18 07:00:00,5.0,2.4,3.4,6.9,0.2,539.6,982.3,3231.5,0.0,12.9
2016-04-18 11:00:00,4.9,1.5,3.9,2.3,0.0,539.2,974.7,3221.8,0.0,7.7
2016-04-18 15:00:00,5.0,3.2,2.9,1.4,0.0,542.1,979.1,3226.2,0.0,7.5
2016-04-19 11:00:00,5.0,3.3,2.3,0.8,0.1,543.8,980.9,3223.8,0.0,6.5
2016-04-21 15:00:00,5.0,4.0,2.9,0.5,0.0,544.5,986.6,3221.8,0.0,7.4
2016-04-22 03:00:00,5.0,7.4,1.0,2.4,0.0,549.8,1012.7,3231.5,0.0,10.9
2016-04-24 07:00:00,5.0,3.9,2.4,0.5,0.0,548.4,1001.4,3219.4,0.0,6.8
2016-04-24 23:00:00,5.0,3.1,2.8,0.9,0.0,545.1,997.3,3231.6,0.0,6.8
2016-04-25 07:00:00,5.0,3.7,2.1,1.3,0.0,545.6,1005.6,3209.7,0.0,7.1
2016-04-25 15:00:00,5.0,3.9,2.6,1.0,0.0,550.1,1002.6,3193.7,0.0,7.5
2016-04-25 19:00:00,5.0,3.9,2.8,1.1,0.0,550.6,1009.2,3205.0,0.0,7.8
2016-04-26 03:00:00,5.0,3.8,2.9,1.8,0.0,553.4,1015.3,3181.0,0.0,8.7
2016-04-26 15:00:00,5.0,5.8,1.9,0.1,0.0,548.9,997.5,3197.8,0.0,7.8
2016-04-27 11:00:00,5.0,1.9,3.3,1.0,0.0,548.0,996.6,3185.2,0.0,6.2
2016-04-28 15:00:00,5.0,7.4,1.8,5.6,0.0,550.9,997.2,3196.1,0.0,14.8
2016-04-28 19:00:00,5.0,7.2,1.2,0.8,0.0,549.8,997.5,3202.6,0.0,9.2
2016-04-28 23:00:00,5.0,6.1,1.4,0.8,0.0,550.9,1005.6,3189.1,0.0,8.3
2016-04-29 03:00:00,5.0,7.5,0.9,1.3,0.0,551.4,1006.4,3189.9,0.0,9.7
2016-04-29 19:00:00,5.0,4.8,2.2,1.2,0.0,555.1,1017.4,3215.4,0.0,8.2
2016-04-29 23:00:00,5.0,4.8,2.4,2.1,0.0,554.8,1022.8,3209.3,0.0,9.7
2016-04-30 03:00:00,5.0,4.3,2.5,1.9,0.0,556.4,1023.1,3212.6,0.0,8.7
2016-04-30 19:00:00,5.0,4.1,2.8,1.3,0.0,557.1,1036.6,3203.0,0.0,8.2
2016-04-30 23:00:00,5.0,3.1,3.2,1.6,0.0,558.0,1052.3,3208.3,0.0,7.9
2016-05-01 07:00:00,5.0,7.6,1.1,1.8,0.0,559.8,1057.4,3201.5,0.0,10.6
2016-05-01 11:00:00,5.0,7.0,1.7,1.6,0.0,556.5,1051.6,3196.2,0.0,10.4
2016-05-01 15:00:00,5.0,5.8,2.0,0.1,0.0,560.9,1061.6,3221.0,0.0,7.9
2016-05-01 19:00:00,5.0,4.6,2.3,2.5,0.0,558.8,1067.6,3213.5,0.0,9.4
2016-05-01 23:00:00,5.0,5.0,2.4,0.8,0.0,563.0,1084.5,3203.3,0.0,8.4
2016-05-02 03:00:00,5.0,7.3,1.9,0.4,0.0,576.6,1093.2,3199.9,0.0,9.9
2016-05-02 11:00:00,5.0,5.1,2.2,0.2,0.0,561.5,1074.2,3186.1,0.0,7.5
2016-05-02 19:00:00,4.0,6.2,2.1,0.8,0.0,561.7,1068.8,3188.8,0.0,9.3
2016-05-03 07:00:00,5.0,2.8,2.4,0.1,0.0,557.5,1054.8,3132.5,0.0,5.3
2016-05-04 03:00:00,5.0,4.0,2.4,3.0,0.0,555.8,1069.6,3199.3,0.0,9.4
2016-05-04 07:00:00,5.0,3.7,2.9,3.2,0.0,560.3,1081.9,3176.0,0.0,9.9
2016-05-04 11:00:00,5.0,6.6,1.5,0.6,0.0,561.9,1080.5,3173.0,0.0,8.7
2016-05-04 15:00:00,5.0,4.9,2.1,0.3,0.0,563.3,1084.8,3193.0,0.0,7.3
2016-05-04 19:00:00,5.0,4.7,2.7,1.5,0.0,560.1,1090.4,3214.6,0.0,8.9
2016-05-04 23:00:00,5.0,7.4,2.4,1.5,0.0,564.5,1106.7,3183.7,0.0,11.3
2016-05-05 03:00:00,5.0,6.8,2.4,0.1,0.0,566.9,1107.3,3160.2,0.0,9.3
2016-05-05 07:00:00,5.0,6.0,2.6,0.4,0.0,568.7,1119.2,3178.8,0.0,9.0
2016-05-05 11:00:00,5.0,5.7,2.5,0.4,0.0,568.7,1121.5,3172.8,0.0,8.6
2016-05-05 15:00:00,5.0,6.4,2.2,0.5,0.0,569.8,1129.5,3179.6,0.0,9.1
2016-05-05 19:00:00,5.0,6.9,2.1,1.3,0.0,571.0,1135.2,3183.1,0.0,10.4
2016-05-05 23:00:00,5.0,4.9,2.6,1.7,0.0,567.8,1135.4,3172.5,0.0,9.4
2016-05-06 11:00:00,5.0,2.4,3.1,1.2,0.0,566.7,1124.1,3148.4,0.0,6.7
2016-05-06 15:00:00,5.0,3.3,3.3,0.1,0.0,564.2,1125.3,3143.3,0.0,6.7
2016-05-08 07:00:00,5.0,4.4,2.2,1.1,0.0,565.8,1117.3,3115.4,0.0,7.7
2016-05-08 11:00:00,5.0,5.6,1.5,0.1,0.0,564.5,1109.6,3113.2,0.0,7.4
2016-05-08 15:00:00,5.0,4.1,2.0,1.9,0.0,566.1,1107.6,3118.6,0.0,8.0
2016-05-08 23:00:00,5.0,4.2,2.6,0.4,0.0,565.9,1106.4,3095.4,0.0,7.2
2016-05-09 03:00:00,4.0,4.3,2.8,0.5,0.0,562.9,1100.6,3103.2,0.0,7.6
2016-05-09 07:00:00,4.0,3.9,3.0,1.6,0.0,562.6,1100.1,3105.8,0.0,8.5
2016-05-10 07:00:00,4.0,6.4,2.2,2.1,0.0,565.0,1089.9,3084.0,0.0,10.7
2016-05-11 03:00:00,5.0,4.4,2.8,0.5,0.0,568.5,1110.6,3091.3,0.0,7.8
2016-05-11 15:00:00,5.0,4.7,2.3,2.4,0.0,575.9,1132.6,3121.2,0.0,9.7
2016-05-11 19:00:00,5.0,5.4,2.6,1.3,0.0,574.7,1139.2,3109.6,0.0,9.4
2016-05-12 07:00:00,5.0,4.7,2.4,0.6,0.0,575.8,1157.2,3103.5,0.0,7.8
2016-05-14 07:00:00,5.0,6.4,2.0,0.9,0.0,577.3,1189.0,3075.4,0.0,9.3
2016-05-15 07:00:00,5.0,6.9,1.6,0.7,0.0,578.1,1173.6,3048.7,0.0,9.2
2016-05-15 23:00:00,5.0,2.2,3.6,2.4,0.0,582.4,1204.8,3042.9,0.0,8.3
2016-05-16 19:00:00,5.0,4.0,2.9,0.3,0.0,583.8,1233.8,3065.5,0.0,7.2
2016-05-17 19:00:00,5.0,7.4,2.1,0.2,0.0,587.1,1275.9,3036.6,0.0,9.8
2016-05-18 11:00:00,5.0,8.3,1.3,0.4,0.0,590.7,1292.5,3018.4,0.0,10.2
2016-05-19 11:00:00,5.0,3.4,3.1,1.9,0.0,592.3,1292.4,2998.7,0.0,8.4
2016-05-19 23:00:00,5.0,3.7,3.1,1.6,0.0,593.1,1284.0,2987.9,0.0,8.4
2016-05-20 11:00:00,5.0,4.2,2.6,1.7,0.0,589.6,1265.0,2964.6,0.0,8.5
2016-05-20 15:00:00,5.0,4.1,2.7,1.2,0.0,592.0,1262.1,2981.4,0.0,8.2
2016-05-20 19:00:00,5.0,4.9,2.3,0.7,0.0,591.3,1260.7,2962.2,0.0,8.1
2016-05-21 03:00:00,5.0,7.4,1.6,0.9,0.0,592.3,1257.2,2947.5,0.0,9.9
2016-05-21 07:00:00,5.0,6.9,1.9,0.9,0.0,592.7,1261.2,2933.8,0.0,9.8
2016-05-21 15:00:00,5.0,3.1,3.2,1.1,0.0,587.3,1237.1,2986.9,0.0,7.4
2016-05-21 19:00:00,5.0,8.4,1.4,1.6,0.0,591.0,1247.8,2956.4,0.0,11.4
2016-05-22 11:00:00,5.0,4.2,2.4,0.8,0.0,588.7,1238.5,2943.6,0.0,7.4
2016-05-27 03:00:00,5.0,3.8,2.6,0.5,0.0,595.1,1240.3,2911.3,0.0,6.9
2016-05-27 11:00:00,5.0,6.3,1.9,3.6,0.0,592.0,1252.4,2904.0,0.0,12.0
2016-05-27 15:00:00,5.0,7.6,1.2,0.2,0.0,596.7,1255.2,2908.8,0.0,9.5
2016-05-27 19:00:00,5.0,5.7,2.1,1.1,0.0,598.9,1250.7,2905.8,0.0,9.1
2016-05-28 03:00:00,5.0,5.3,2.1,1.9,0.0,595.8,1243.4,2886.8,0.0,9.3
2016-05-28 07:00:00,5.0,6.1,2.6,0.7,0.0,596.4,1243.1,2896.8,0.0,9.4
2016-05-28 15:00:00,5.0,5.0,2.4,0.4,0.0,598.9,1246.1,2892.5,0.0,7.8
2016-05-28 19:00:00,5.0,5.2,2.8,1.4,0.0,600.1,1262.5,2904.0,0.0,9.4
2016-05-31 03:00:00,5.0,4.9,3.1,0.8,0.0,612.7,1353.7,2866.5,0.0,8.8
2016-05-31 11:00:00,5.0,6.0,2.3,1.3,0.0,611.2,1363.5,2884.5,0.0,9.6
2016-05-31 15:00:00,5.0,5.4,1.8,2.6,0.0,613.5,1361.1,2863.3,0.0,10.1
2016-06-01 03:00:00,6.0,3.5,3.3,3.4,0.0,621.2,1361.1,2867.5,0.0,10.8
2016-06-01 07:00:00,5.0,6.2,2.6,2.5,0.0,612.1,1333.4,2850.3,0.0,11.3
2016-06-01 11:00:00,5.0,4.9,2.7,0.8,0.0,605.2,1328.2,2833.1,0.0,8.4
2016-06-01 15:00:00,5.0,7.3,1.9,0.3,0.0,606.0,1335.2,2837.2,0.0,9.5
2016-06-08 07:00:00,6.0,6.0,3.3,0.6,0.0,651.7,1740.8,2630.1,0.0,9.9
2016-06-08 11:00:00,6.0,5.6,2.9,1.1,0.0,652.8,1737.7,2646.5,0.0,9.6
2016-06-10 03:00:00,6.0,6.3,3.1,0.1,0.0,663.8,1788.9,2533.0,0.0,9.5
2016-06-10 23:00:00,6.0,8.3,2.6,2.0,0.0,672.4,1838.1,2497.5,0.0,12.9
2016-06-11 03:00:00,6.0,6.9,3.0,0.4,0.0,673.4,1839.2,2469.7,0.0,10.3
2016-06-12 11:00:00,6.0,7.6,1.9,0.6,0.0,677.0,1830.8,2410.9,0.0,10.1
2016-06-12 19:00:00,6.0,7.1,2.6,1.6,0.0,681.7,1859.7,2400.5,0.0,11.3
2016-06-13 03:00:00,6.0,6.2,2.8,0.9,0.0,683.8,1862.2,2390.0,0.0,9.9
2016-06-13 11:00:00,6.0,5.9,3.1,2.2,0.0,681.3,1856.0,2368.7,0.0,11.2
2016-06-13 19:00:00,6.0,5.2,4.1,2.1,0.0,692.6,1959.2,2355.7,0.0,11.4
2016-06-13 23:00:00,6.0,6.1,4.1,0.9,0.0,700.1,2055.6,2309.9,0.0,11.1
2016-06-20 03:00:00,7.0,6.5,3.5,1.0,0.0,736.5,2191.6,1869.2,0.0,11.0
2016-06-20 23:00:00,6.0,11.0,1.5,0.5,0.0,726.8,2167.3,1852.3,0.0,13.0
2016-06-21 03:00:00,6.0,5.5,3.3,3.6,0.0,730.5,2159.7,1851.5,0.0,12.4
2016-06-21 07:00:00,6.0,5.4,3.9,0.9,0.0,733.1,2174.7,1853.7,0.0,10.2
2016-06-21 11:00:00,6.0,6.0,3.0,0.8,0.0,738.4,2175.9,1830.0,0.0,9.8
2016-06-21 15:00:00,7.0,5.5,4.0,1.6,0.0,742.9,2171.1,1831.6,0.0,11.1
2016-06-22 19:00:00,7.0,5.3,4.6,1.2,0.0,734.0,2148.6,1810.3,0.0,11.1
2016-06-23 07:00:00,7.0,8.4,3.4,1.2,0.0,746.8,2196.1,1787.5,0.0,13.0
2016-06-23 11:00:00,6.0,6.3,4.2,2.0,0.0,736.2,2164.1,1769.3,0.0,12.5
2016-06-23 15:00:00,7.0,5.6,3.8,0.4,0.0,743.2,2164.6,1783.0,0.0,9.8
2016-06-23 19:00:00,6.0,4.6,4.2,0.8,0.0,747.9,2162.2,1771.2,0.0,9.7
2016-06-23 23:00:00,6.0,5.8,3.8,0.3,0.0,736.3,2120.4,1753.3,0.0,9.9
2016-06-24 03:00:00,7.0,5.6,3.4,1.9,0.0,739.0,2110.2,1768.3,0.0,10.9
2016-06-24 07:00:00,7.0,6.4,3.1,0.2,0.0,740.1,2109.2,1770.5,0.0,9.7
2016-06-25 03:00:00,6.0,6.0,3.2,0.9,0.0,745.4,2144.0,1729.9,0.0,10.1
2016-06-25 11:00:00,6.0,4.6,4.2,1.0,0.0,739.6,2115.3,1730.9,0.0,9.8
2016-06-25 15:00:00,6.0,6.1,3.3,0.2,0.0,743.5,2117.9,1741.1,0.0,9.6
2016-06-25 19:00:00,6.0,3.8,4.1,5.3,0.0,746.1,2145.9,1733.4,0.0,13.2
2016-06-26 11:00:00,6.0,10.4,2.1,5.9,0.0,748.4,2122.0,1715.2,0.0,18.4
2016-06-26 23:00:00,6.0,7.0,3.9,0.6,0.0,752.5,2155.4,1715.3,0.0,11.5
2016-06-27 03:00:00,6.0,7.0,3.7,1.7,0.0,751.4,2143.7,1711.6,0.0,12.4
2016-06-27 11:00:00,6.0,4.7,4.0,1.9,0.0,749.3,2126.9,1687.3,0.0,10.6
2016-06-27 15:00:00,6.0,3.9,4.9,3.8,0.0,752.9,2135.7,1696.1,0.0,12.6
2016-06-27 19:00:00,6.0,5.9,4.2,0.7,0.0,753.8,2146.3,1694.6,0.0,10.8
2016-06-28 03:00:00,6.0,5.7,3.9,1.8,0.0,751.1,2145.5,1696.0,0.0,11.4
2016-06-28 11:00:00,6.0,5.9,3.3,3.0,0.0,756.6,2135.2,1673.9,0.0,12.2
2016-06-28 15:00:00,6.0,5.5,3.9,3.6,0.0,757.1,2143.8,1685.9,0.0,13.0
2016-06-28 23:00:00,6.0,6.0,4.1,0.6,0.0,758.5,2164.2,1688.0,0.0,10.7
2016-06-29 03:00:00,6.0,6.4,3.9,1.0,0.0,751.5,2141.5,1660.8,0.0,11.3
2016-06-30 03:00:00,6.0,6.4,2.8,4.5,0.0,743.2,2048.7,1649.3,0.0,13.7
2016-06-30 11:00:00,6.0,7.1,2.5,1.9,0.0,749.8,2061.9,1678.8,0.0,11.5
2016-07-01 03:00:00,6.0,9.4,2.4,0.1,0.0,754.4,2139.1,1664.8,0.0,11.9
2016-07-01 07:00:00,6.0,8.8,3.3,0.2,0.0,755.6,2126.6,1666.2,0.0,12.3
2016-07-02 19:00:00,6.0,5.8,3.3,2.2,0.0,747.8,2023.4,1653.3,0.0,11.3
2016-07-02 23:00:00,6.0,5.4,3.6,2.0,0.0,747.7,2017.4,1643.7,0.0,11.0
2016-07-03 07:00:00,6.0,7.3,3.7,0.3,0.0,748.2,2002.2,1619.4,0.0,11.3
2016-07-03 11:00:00,6.0,5.8,3.8,1.4,0.0,745.9,1996.9,1658.5,0.0,11.0
2016-07-03 15:00:00,6.0,8.0,3.5,0.7,0.0,747.0,1994.9,1632.0,0.0,12.2
2016-07-04 23:00:00,6.0,8.1,2.4,2.0,0.0,745.0,1951.3,1628.3,0.0,12.5
2016-07-05 03:00:00,6.0,8.7,2.4,0.1,0.0,745.6,1934.1,1637.5,0.0,11.2
2016-07-05 11:00:00,6.0,4.4,4.1,1.7,0.0,742.8,1952.8,1644.4,0.0,10.2
2016-07-05 15:00:00,6.0,8.8,2.2,0.3,0.0,746.7,1992.2,1635.9,0.0,11.3
2016-07-05 19:00:00,7.0,5.7,3.5,2.7,0.0,759.9,2048.0,1643.4,0.0,11.9
2016-07-06 03:00:00,6.0,6.1,3.8,0.9,0.0,754.8,2044.9,1638.6,0.0,10.8
2016-07-06 07:00:00,6.0,10.7,2.7,0.3,0.0,751.9,2040.7,1633.2,0.0,13.7
2016-07-06 11:00:00,6.0,5.0,3.6,3.9,0.0,752.1,2017.5,1635.7,0.0,12.5
2016-07-06 15:00:00,6.0,6.7,2.8,0.5,0.0,752.0,2017.9,1632.9,0.0,10.0
2016-07-06 19:00:00,6.0,6.3,3.2,2.8,0.0,753.2,2008.1,1632.4,0.0,12.3
2016-07-06 23:00:00,6.0,7.9,2.7,0.2,0.0,750.9,1990.6,1630.7,0.0,10.8
2016-07-07 11:00:00,7.0,6.5,2.9,1.1,0.0,749.2,1962.4,1602.9,0.0,10.5
2016-07-07 19:00:00,6.0,7.1,2.9,0.9,0.0,755.1,1973.5,1612.1,0.0,10.9
2016-07-08 07:00:00,6.0,5.9,3.3,2.3,0.0,742.7,1938.7,1619.9,0.0,11.5
2016-07-08 11:00:00,6.0,6.1,3.0,1.9,0.0,743.2,1929.2,1604.7,0.0,11.0
2016-07-08 15:00:00,6.0,9.8,2.4,3.1,0.0,747.6,1935.2,1602.3,0.0,15.3
2016-07-08 19:00:00,6.0,8.2,2.7,0.1,0.0,743.9,1928.2,1621.9,0.0,11.0
2016-07-09 03:00:00,6.0,7.0,2.9,0.7,0.0,744.7,1925.9,1591.1,0.0,10.6
2016-07-09 19:00:00,6.0,9.7,2.1,0.5,0.0,744.5,1905.9,1616.4,0.0,12.3
2016-07-09 23:00:00,6.0,8.7,2.4,1.0,0.0,741.6,1893.0,1595.5,0.0,12.1
2016-07-10 03:00:00,6.0,7.2,3.1,1.5,0.0,741.1,1883.4,1603.6,0.0,11.8
2016-07-10 07:00:00,6.0,9.1,2.0,1.2,0.0,739.9,1876.7,1634.8,0.0,12.3
2016-07-11 15:00:00,6.0,9.6,1.8,0.6,0.0,738.5,1859.5,1596.9,0.0,12.0
2016-07-12 23:00:00,6.0,8.0,2.5,2.0,0.0,736.3,1860.8,1609.7,0.0,12.5
2016-07-13 03:00:00,7.0,9.2,2.0,0.2,0.0,741.1,1857.7,1596.7,0.0,11.4
2016-07-13 07:00:00,7.0,3.3,3.8,8.2,0.0,756.7,1873.1,1580.5,0.0,15.3
2016-07-13 11:00:00,7.0,8.4,2.2,0.7,0.0,739.4,1848.6,1601.3,0.0,11.3
2016-07-13 15:00:00,6.0,9.7,2.1,1.2,0.0,739.6,1844.8,1605.1,0.0,13.0
2016-07-14 11:00:00,6.0,9.4,1.6,2.7,0.0,736.6,1826.5,1597.3,0.0,13.7
2016-07-14 19:00:00,6.0,4.9,3.0,1.8,0.0,743.6,1826.4,1603.5,0.0,9.7
2016-07-14 23:00:00,6.0,5.8,2.8,1.7,0.0,747.1,1822.7,1587.1,0.0,10.3
2016-07-15 19:00:00,6.0,8.7,2.7,0.1,0.0,735.8,1786.4,1581.7,0.0,11.5
2016-07-15 23:00:00,6.0,7.2,2.9,0.7,0.0,736.2,1783.7,1599.5,0.0,10.8
2016-07-16 11:00:00,6.0,9.1,2.5,0.6,0.0,741.3,1786.3,1587.0,0.0,12.2
2016-07-16 19:00:00,6.0,9.3,2.6,0.4,0.0,737.6,1789.3,1587.2,0.0,12.3
2016-07-17 11:00:00,6.0,5.9,3.1,2.3,0.0,735.9,1790.5,1563.6,0.0,11.3
2016-07-17 19:00:00,6.0,7.0,3.0,1.1,0.0,742.5,1797.3,1589.2,0.0,11.1
2016-07-18 07:00:00,6.0,7.5,3.6,2.0,0.0,740.7,1788.4,1597.4,0.0,13.1
2016-07-18 11:00:00,6.0,9.2,2.2,0.3,0.0,744.3,1794.3,1575.0,0.0,11.7
2016-07-18 23:00:00,6.0,9.8,2.4,3.7,0.0,744.3,1792.3,1595.8,0.0,15.9
2016-07-19 15:00:00,6.0,6.7,2.5,1.6,0.0,742.6,1779.6,1564.0,0.0,10.8
2016-07-20 03:00:00,6.0,5.1,3.6,1.0,0.0,741.5,1773.7,1560.9,0.0,9.7
2016-07-20 11:00:00,7.0,8.9,2.5,0.5,0.0,762.3,1797.3,1585.2,0.0,12.0
2016-07-20 15:00:00,6.0,11.0,1.7,3.8,0.0,760.0,1796.2,1590.7,0.0,16.5
2016-07-20 19:00:00,6.0,4.6,3.3,2.3,0.0,743.1,1780.6,1568.1,0.0,10.2
2016-07-21 03:00:00,6.0,6.6,2.7,0.9,0.0,746.2,1789.5,1582.4,0.0,10.2
2016-07-21 07:00:00,6.0,4.6,3.6,4.9,0.0,744.0,1792.8,1573.6,0.0,13.1
2016-07-21 11:00:00,6.0,8.4,2.9,2.1,0.0,743.4,1799.8,1591.4,0.0,13.4
2016-07-21 23:00:00,6.0,8.2,2.2,1.5,0.0,746.2,1813.7,1578.6,0.0,11.9
2016-07-22 03:00:00,6.0,6.0,2.9,0.8,0.0,746.3,1810.1,1585.8,0.0,10.0
2016-07-22 15:00:00,6.0,8.3,3.1,0.1,0.0,767.0,1854.3,1567.2,0.0,11.5
2016-07-22 19:00:00,6.0,5.7,2.9,2.6,0.0,748.0,1826.1,1564.6,0.0,11.2
2016-07-23 03:00:00,6.0,5.9,3.5,1.8,0.0,747.5,1827.9,1541.2,0.0,11.2
2016-07-23 07:00:00,6.0,5.9,3.3,1.8,0.0,749.1,1833.6,1540.4,0.0,11.0
2016-07-23 15:00:00,6.0,5.5,3.6,0.9,0.0,737.8,1813.4,1574.6,0.0,10.0
2016-07-23 19:00:00,6.0,5.2,3.4,2.4,0.0,748.0,1830.3,1579.5,0.0,11.0
2016-07-23 23:00:00,6.0,8.2,2.7,1.6,0.0,750.9,1847.4,1555.4,0.0,12.5
2016-07-24 23:00:00,6.0,7.2,2.9,0.2,0.0,752.0,1849.1,1537.5,0.0,10.3
2016-07-25 19:00:00,6.0,7.7,2.9,1.3,0.0,751.7,1844.8,1566.6,0.0,11.9
2016-07-26 03:00:00,6.0,5.6,3.6,4.6,0.0,750.7,1850.1,1543.0,0.0,13.8
2016-07-26 07:00:00,6.0,6.6,2.7,0.2,0.0,751.1,1850.2,1552.2,0.0,9.5
2016-07-26 11:00:00,6.0,8.2,2.8,6.4,0.0,752.6,1842.8,1550.8,0.0,17.4
2016-07-26 19:00:00,6.0,10.2,2.0,3.7,0.0,737.8,1820.1,1579.2,0.0,15.9
2016-07-26 23:00:00,6.0,4.4,4.0,1.9,0.0,749.4,1848.7,1570.5,0.0,10.3
2016-07-27 07:00:00,6.0,9.0,2.5,1.5,0.0,752.2,1843.2,1543.2,0.0,13.0
2016-07-27 11:00:00,6.0,5.8,3.6,1.3,0.0,756.9,1852.1,1570.5,0.0,10.7
2016-07-27 15:00:00,6.0,5.0,4.0,2.4,0.0,748.4,1836.7,1556.3,0.0,11.4
2016-07-27 19:00:00,6.0,8.9,1.9,2.0,0.0,751.3,1832.5,1550.0,0.0,12.8
2016-07-27 23:00:00,6.0,5.4,3.4,2.6,0.0,751.5,1826.3,1543.2,0.0,11.4
2016-07-28 07:00:00,6.0,3.0,4.6,6.2,0.0,752.0,1831.1,1568.5,0.0,13.8
2016-07-29 03:00:00,6.0,5.5,3.9,0.4,0.0,750.4,1833.6,1558.8,0.0,9.8
2016-07-29 19:00:00,6.0,8.1,2.7,1.6,0.0,753.5,1830.9,1552.2,0.0,12.4
2016-07-29 23:00:00,6.0,9.0,2.6,1.0,0.0,766.7,1860.1,1554.8,0.0,12.6
2016-07-30 03:00:00,6.0,5.0,3.3,1.8,0.0,750.9,1836.2,1540.4,0.0,10.1
2016-07-31 19:00:00,6.0,5.9,3.3,2.0,0.0,753.2,1830.5,1552.0,0.0,11.2
2016-08-01 19:00:00,6.0,6.2,3.2,2.8,0.0,754.2,1819.3,1515.6,0.0,12.2
2016-08-01 23:00:00,6.0,7.5,2.1,2.2,0.0,754.5,1813.7,1538.2,0.0,11.8
2016-08-02 11:00:00,6.0,9.1,2.3,1.4,0.0,745.5,1781.8,1542.9,0.0,12.8
2016-08-02 19:00:00,6.0,6.6,2.3,0.7,0.0,755.6,1799.5,1537.2,0.0,9.6
2016-08-03 11:00:00,6.0,6.7,2.3,0.3,0.0,734.4,1758.2,1512.7,0.0,9.3
2016-08-03 15:00:00,6.0,4.1,3.7,3.9,0.0,745.9,1780.5,1520.2,0.0,11.7
2016-08-03 23:00:00,6.0,6.1,2.7,0.1,0.0,743.3,1784.7,1545.8,0.0,8.9
2016-10-10 15:00:00,5.2,5.7,3.8,0.9,0.0,750.0,1498.6,1429.1,0.0,10.4
2016-10-11 03:00:00,5.3,6.7,3.3,1.7,0.0,750.4,1491.8,1430.1,0.0,11.7
2016-10-11 11:00:00,5.3,9.2,2.3,1.7,0.0,754.0,1497.9,1413.6,0.0,13.2
2016-10-11 15:00:00,5.2,7.4,2.9,0.7,0.0,749.4,1493.0,1436.9,0.0,11.0
2016-10-12 07:00:00,5.4,6.5,3.4,1.8,0.0,751.0,1490.2,1416.0,0.0,11.7
2016-10-13 07:00:00,5.4,6.3,3.6,3.6,0.0,749.7,1479.7,1432.4,0.0,13.5
2016-10-14 03:00:00,5.2,7.2,3.2,0.6,0.0,742.7,1465.6,1426.5,0.0,11.0
2016-10-15 07:00:00,5.3,8.1,2.7,0.5,0.0,749.6,1464.7,1409.2,0.0,11.3
2016-10-15 23:00:00,5.3,7.6,2.6,0.1,0.1,749.8,1455.5,1431.6,0.0,10.4
2016-10-16 03:00:00,5.4,7.2,3.0,0.7,0.0,748.4,1449.6,1430.2,0.0,10.9
2016-10-16 11:00:00,5.5,8.1,2.4,0.8,0.0,747.4,1440.4,1422.2,0.0,11.3
2016-10-16 23:00:00,5.4,7.6,2.7,0.6,0.0,748.2,1450.6,1415.7,0.0,10.9
2016-10-17 15:00:00,5.6,7.7,2.8,0.5,0.0,747.5,1438.2,1418.4,0.0,11.0
2016-10-18 23:00:00,5.3,10.0,2.3,2.2,0.0,752.7,1421.4,1437.9,0.0,14.5
2016-10-19 15:00:00,5.4,7.5,3.3,1.1,0.0,746.0,1417.2,1415.6,0.0,11.9
2016-10-19 19:00:00,5.3,8.1,3.2,0.4,0.0,740.3,1412.8,1407.2,0.0,11.7
2016-10-20 03:00:00,5.4,7.3,3.2,1.9,0.0,746.3,1423.6,1434.2,0.0,12.4
2016-10-20 07:00:00,5.4,5.7,3.7,2.2,0.0,745.7,1424.9,1422.6,0.0,11.6
2016-10-20 11:00:00,5.5,7.0,2.9,1.2,0.0,736.8,1409.9,1415.5,0.0,11.1
2016-10-20 15:00:00,5.5,9.8,2.4,0.2,0.1,747.2,1415.0,1414.8,0.0,12.5
2016-10-20 19:00:00,5.4,7.3,3.4,1.0,0.0,746.6,1420.9,1420.7,0.0,11.7
2016-10-20 23:00:00,5.3,7.7,3.1,0.5,0.0,745.3,1413.6,1421.8,0.0,11.3
2016-10-21 03:00:00,5.3,7.4,3.0,0.3,0.0,746.3,1409.0,1417.5,0.0,10.7
2016-10-22 11:00:00,5.6,6.2,3.4,0.7,0.0,739.3,1375.8,1423.8,0.0,10.3
2016-10-22 19:00:00,5.1,7.0,3.0,0.8,0.0,739.5,1374.9,1432.3,0.0,10.8
2016-10-23 19:00:00,5.2,6.7,3.1,0.2,0.1,736.2,1358.5,1436.9,0.0,10.1
2016-10-24 15:00:00,5.3,6.1,3.8,0.6,0.1,734.2,1345.4,1430.1,0.0,10.6
2016-10-25 11:00:00,5.5,9.7,1.8,1.6,0.0,732.1,1336.9,1441.6,0.0,13.1
2016-10-25 19:00:00,5.6,7.4,3.2,0.5,0.0,732.0,1339.3,1444.2,0.0,11.1
2016-10-25 23:00:00,5.7,5.8,3.7,1.5,0.2,756.5,1357.8,1423.1,0.0,11.2
2016-10-26 03:00:00,5.4,7.4,2.9,0.1,0.0,732.6,1340.3,1430.9,0.0,10.4
2016-10-27 19:00:00,5.5,8.7,2.5,1.3,0.0,732.0,1319.1,1425.0,0.0,12.5
2016-10-28 03:00:00,5.6,8.3,2.6,0.7,0.0,724.6,1310.4,1432.5,0.0,11.6
2016-10-30 11:00:00,5.3,6.1,4.1,0.6,0.0,726.2,1293.3,1429.1,0.0,10.8
2016-10-31 03:00:00,5.3,8.0,3.0,0.7,0.3,730.9,1335.5,1420.2,0.0,12.0
2016-10-31 19:00:00,5.2,8.8,2.3,0.1,0.2,728.3,1347.5,1438.5,0.0,11.4
2016-10-31 23:00:00,5.1,6.8,3.0,1.6,0.0,729.1,1345.5,1438.9,0.0,11.4
2016-11-01 03:00:00,5.1,6.4,3.4,0.3,0.0,729.1,1334.8,1455.2,0.0,10.1
2016-11-01 07:00:00,5.1,6.7,3.6,0.2,0.0,727.3,1332.3,1443.0,0.0,10.5
2016-11-09 03:00:00,5.2,5.6,3.9,0.5,0.0,740.0,1280.5,1437.3,0.0,10.0
2016-11-10 11:00:00,5.2,8.9,2.9,0.4,0.0,724.4,1254.7,1439.3,0.0,12.2
2016-11-10 15:00:00,5.2,10.2,1.9,4.0,0.0,720.1,1255.4,1439.2,0.0,16.1
2016-11-10 19:00:00,5.3,6.5,3.5,2.5,0.0,726.5,1254.3,1448.4,0.0,12.5
2016-11-11 03:00:00,5.3,6.8,3.0,1.4,0.0,728.4,1262.0,1454.0,0.0,11.2
2016-11-11 07:00:00,5.3,9.0,2.4,0.8,0.0,725.7,1259.9,1442.9,0.0,12.2
2016-11-12 07:00:00,6.1,10.9,1.4,2.3,0.1,724.5,1264.2,1432.5,0.0,14.7
2016-11-12 19:00:00,5.9,7.3,2.9,0.6,0.0,726.3,1259.8,1440.6,0.0,10.8
2016-11-12 23:00:00,5.7,6.0,3.1,1.4,0.2,725.8,1261.9,1465.4,0.0,10.7
2016-11-13 11:00:00,5.9,6.3,3.5,2.6,0.0,718.8,1247.2,1434.5,0.0,12.4
2016-11-13 15:00:00,5.7,7.2,2.8,1.7,0.0,726.7,1262.7,1443.1,0.0,11.7
2016-11-13 23:00:00,5.8,6.7,3.1,1.6,0.1,729.0,1258.7,1445.3,0.0,11.5
2016-11-14 03:00:00,5.7,6.9,3.2,1.2,0.1,724.7,1251.2,1451.0,0.0,11.4
2016-11-14 07:00:00,5.7,8.3,2.5,2.6,0.0,742.1,1260.0,1447.4,0.0,13.4
2016-11-15 15:00:00,5.5,5.5,3.5,1.1,0.0,718.8,1225.8,1454.1,0.0,10.1
2016-11-16 03:00:00,5.4,9.4,2.2,2.8,0.1,722.4,1233.1,1437.1,0.0,14.5
2016-11-16 07:00:00,5.3,6.2,3.3,0.5,0.1,722.8,1231.3,1450.8,0.0,10.1
2016-11-18 19:00:00,5.6,9.5,1.8,0.2,0.0,727.5,1229.1,1439.3,0.0,11.5
2016-11-18 23:00:00,5.5,7.5,2.3,1.6,0.0,724.8,1225.3,1443.0,0.0,11.4
2016-11-19 03:00:00,5.5,6.9,2.5,1.4,0.0,724.6,1229.0,1440.8,0.0,10.8
2016-11-19 07:00:00,5.5,6.4,2.5,2.4,0.3,724.2,1230.3,1434.0,0.0,11.6
2016-11-19 15:00:00,5.9,9.3,2.2,0.4,0.0,723.8,1226.3,1462.1,0.0,11.9
2016-11-19 23:00:00,5.9,6.3,2.6,1.1,0.0,714.5,1232.8,1463.1,0.0,10.0
2016-11-21 03:00:00,5.5,8.5,2.7,1.7,0.0,723.8,1219.5,1463.8,0.0,12.9
2016-11-22 07:00:00,5.0,4.6,3.3,1.1,0.0,706.9,1168.5,1440.7,0.0,9.0
2016-11-22 15:00:00,5.0,5.5,2.7,0.3,0.0,707.0,1157.1,1458.0,0.0,8.5
2016-11-23 03:00:00,5.1,5.1,3.1,1.3,0.4,702.6,1152.6,1441.2,0.0,9.9
2016-11-24 15:00:00,5.5,3.5,4.1,5.2,0.0,703.7,1167.2,1428.9,0.0,12.8
2016-11-25 15:00:00,5.3,5.2,3.1,3.3,0.0,707.5,1153.1,1454.3,0.0,11.6
2016-11-25 19:00:00,5.4,5.0,2.6,8.4,0.0,710.2,1157.0,1435.9,0.0,16.0
2016-11-26 03:00:00,5.5,4.7,3.2,0.5,0.0,708.8,1156.2,1448.6,0.0,8.4
2016-11-27 23:00:00,5.4,6.0,2.8,0.7,0.1,706.6,1178.5,1445.1,0.0,9.6
2016-11-29 23:00:00,5.6,6.0,3.1,0.9,0.1,709.9,1184.1,1458.3,0.0,10.1
2016-11-30 03:00:00,5.5,6.2,3.1,0.2,0.0,709.9,1183.3,1450.9,0.0,9.5
2016-11-30 07:00:00,5.6,6.2,2.7,1.1,0.1,711.5,1188.2,1447.0,0.0,10.1
2016-12-02 11:00:00,5.9,5.9,3.2,0.3,0.0,708.6,1192.2,1457.3,0.0,9.4
2016-12-02 19:00:00,5.8,6.5,2.9,0.2,0.1,715.7,1200.4,1439.4,0.0,9.7
2016-12-02 23:00:00,5.7,6.2,3.2,0.1,0.1,710.2,1198.3,1452.1,0.0,9.6
2016-12-03 11:00:00,5.7,5.6,3.6,1.0,0.1,715.8,1210.6,1449.7,0.0,10.3
2016-12-03 23:00:00,5.5,7.9,3.0,0.1,0.0,719.4,1210.8,1459.4,0.0,11.0
2016-12-04 03:00:00,5.4,6.5,2.4,0.2,0.0,713.4,1210.6,1436.6,0.0,9.1
2016-12-04 07:00:00,5.5,5.9,2.7,0.7,0.0,717.0,1213.0,1440.2,0.0,9.3
2016-12-04 11:00:00,5.4,5.2,3.2,0.9,0.0,714.8,1210.0,1452.8,0.0,9.3
2016-12-05 07:00:00,6.3,8.3,1.8,1.8,0.0,718.4,1225.0,1456.1,0.0,11.9
2016-12-05 23:00:00,5.9,8.0,2.6,0.9,0.0,719.0,1217.0,1460.8,0.0,11.5
2016-12-08 15:00:00,5.3,5.5,2.7,0.3,0.0,702.9,1212.6,1479.4,0.0,8.5
2016-12-09 03:00:00,5.0,4.8,2.8,1.3,0.0,716.6,1230.9,1468.9,0.0,8.9
2016-12-09 03:00:00,5.3,4.8,2.8,1.3,0.0,716.6,1230.9,1468.9,0.0,8.9
2016-12-09 07:00:00,5.0,6.7,2.1,1.6,0.0,695.0,1210.1,1473.4,0.0,10.4
2016-12-09 07:00:00,5.1,6.7,2.1,1.6,0.0,695.0,1210.1,1473.4,0.0,10.4
2016-12-09 19:00:00,5.0,5.9,2.4,0.2,0.0,694.8,1205.0,1467.7,0.0,8.5
2016-12-09 19:00:00,5.0,5.9,2.4,0.2,0.0,694.8,1205.0,1467.7,0.0,8.5
2016-12-10 07:00:00,5.0,5.5,2.5,1.2,0.0,694.5,1203.5,1467.4,0.0,9.2
2016-12-10 07:00:00,5.2,5.5,2.5,1.2,0.0,694.5,1203.5,1467.4,0.0,9.2
2016-12-10 11:00:00,5.0,5.6,2.5,0.3,0.0,694.9,1208.5,1465.8,0.0,8.5
2016-12-10 11:00:00,5.3,5.6,2.5,0.3,0.1,694.9,1208.5,1465.8,0.0,8.5
2016-12-10 15:00:00,5.0,5.0,3.0,1.1,0.0,691.2,1208.0,1442.5,0.0,9.1
2016-12-10 15:00:00,5.0,5.0,3.0,1.1,0.0,691.2,1208.0,1442.5,0.0,9.1
2016-12-10 19:00:00,5.0,7.8,1.9,1.3,0.0,700.4,1210.6,1479.6,0.0,11.1
2016-12-10 19:00:00,5.1,7.8,1.9,1.3,0.1,700.4,1210.6,1479.6,0.0,11.1
2016-12-10 23:00:00,5.0,6.5,2.3,0.9,0.0,704.7,1218.8,1474.6,0.0,9.8
2016-12-10 23:00:00,5.2,6.5,2.3,0.9,0.1,704.7,1218.8,1474.6,0.0,9.8
2016-12-11 03:00:00,5.0,7.4,1.9,1.1,0.0,715.3,1226.8,1464.0,0.0,10.8
2016-12-11 03:00:00,5.2,7.4,1.9,1.1,0.4,715.3,1226.8,1464.0,0.0,10.8
2016-12-11 15:00:00,5.0,6.2,2.2,0.4,0.0,699.6,1210.0,1450.1,0.0,9.1
2016-12-11 15:00:00,5.1,6.2,2.2,0.4,0.3,699.6,1210.0,1450.1,0.0,9.1
2016-12-11 19:00:00,5.0,7.2,1.9,0.4,0.0,696.9,1212.7,1480.5,0.0,10.0
2016-12-11 19:00:00,5.2,7.2,1.9,0.4,0.5,696.9,1212.7,1480.5,0.0,10.0
2016-12-13 23:00:00,4.0,7.2,1.8,0.6,0.0,702.8,1221.3,1459.3,0.0,9.6
2016-12-13 23:00:00,4.9,7.2,1.8,0.6,0.0,702.8,1221.3,1459.3,0.0,9.6
2016-12-14 11:00:00,4.0,8.3,1.8,3.6,0.0,700.2,1215.1,1459.7,0.0,13.7
2016-12-14 11:00:00,4.9,8.3,1.8,3.6,0.0,700.2,1215.1,1459.7,0.0,13.7
2016-12-14 15:00:00,5.0,6.2,2.3,0.8,0.0,702.8,1217.1,1453.3,0.0,9.3
2016-12-14 15:00:00,5.0,6.2,2.3,0.8,0.0,702.8,1217.1,1453.3,0.0,9.3
2016-12-14 19:00:00,5.0,6.0,2.2,1.2,0.0,702.4,1216.3,1456.1,0.0,9.4
2016-12-14 19:00:00,5.2,6.0,2.2,1.2,0.0,702.4,1216.3,1456.1,0.0,9.4
2016-12-15 11:00:00,5.0,6.1,2.3,1.0,0.0,700.0,1222.6,1442.0,0.0,9.5
2016-12-15 11:00:00,5.4,6.1,2.3,1.0,0.1,700.0,1222.6,1442.0,0.0,9.5
2016-12-15 19:00:00,5.0,5.9,2.3,0.3,0.0,702.1,1217.8,1449.3,0.0,8.5
2016-12-15 19:00:00,5.3,5.9,2.3,0.3,0.0,702.1,1217.8,1449.3,0.0,8.5
2016-12-15 23:00:00,5.0,4.9,2.8,1.4,0.0,703.1,1220.8,1440.3,0.0,9.1
2016-12-15 23:00:00,5.4,4.9,2.8,1.4,0.0,703.1,1220.8,1440.3,0.0,9.1
2016-12-16 03:00:00,5.0,5.4,2.3,2.6,0.0,699.5,1220.3,1470.3,0.0,10.3
2016-12-16 03:00:00,5.2,5.4,2.3,2.6,0.0,699.5,1220.3,1470.3,0.0,10.3
2016-12-16 07:00:00,5.0,6.6,2.2,0.4,0.0,703.1,1224.6,1455.3,0.0,9.2
2016-12-16 07:00:00,5.4,6.6,2.2,0.4,0.0,703.1,1224.6,1455.3,0.0,9.2
2016-12-16 15:00:00,5.0,5.9,2.3,0.2,0.0,706.1,1225.8,1451.9,0.0,8.5
2016-12-16 15:00:00,5.3,5.9,2.3,0.2,0.1,706.1,1225.8,1451.9,0.0,8.5
2016-12-22 07:00:00,5.0,5.9,2.3,0.2,0.0,706.1,1225.8,1451.9,0.0,8.5
2016-12-22 07:00:00,5.3,5.9,2.3,0.2,0.1,706.1,1225.8,1451.9,0.0,8.5
